{
  "AWSTemplateFormatVersion": "2010-09-09",
  "Description": "The AWS CloudFormation template for this Serverless application",
  "Resources": {
    "ServerlessDeploymentBucket": {
      "Type": "AWS::S3::Bucket",
      "Properties": {
        "BucketEncryption": {
          "ServerSideEncryptionConfiguration": [
            {
              "ServerSideEncryptionByDefault": {
                "SSEAlgorithm": "AES256"
              }
            }
          ]
        }
      }
    },
    "ServerlessDeploymentBucketPolicy": {
      "Type": "AWS::S3::BucketPolicy",
      "Properties": {
        "Bucket": {
          "Ref": "ServerlessDeploymentBucket"
        },
        "PolicyDocument": {
          "Statement": [
            {
              "Action": "s3:*",
              "Effect": "Deny",
              "Principal": "*",
              "Resource": [
                {
                  "Fn::Join": [
                    "",
                    [
                      "arn:",
                      {
                        "Ref": "AWS::Partition"
                      },
                      ":s3:::",
                      {
                        "Ref": "ServerlessDeploymentBucket"
                      },
                      "/*"
                    ]
                  ]
                },
                {
                  "Fn::Join": [
                    "",
                    [
                      "arn:",
                      {
                        "Ref": "AWS::Partition"
                      },
                      ":s3:::",
                      {
                        "Ref": "ServerlessDeploymentBucket"
                      }
                    ]
                  ]
                }
              ],
              "Condition": {
                "Bool": {
                  "aws:SecureTransport": false
                }
              }
            }
          ]
        }
      }
    },
    "CovidDashcasesLogGroup": {
      "Type": "AWS::Logs::LogGroup",
      "Properties": {
        "LogGroupName": "/aws/lambda/covid-new-cases-dev-covid-cases"
      }
    },
    "IamRoleLambdaExecution": {
      "Type": "AWS::IAM::Role",
      "Properties": {
        "AssumeRolePolicyDocument": {
          "Version": "2012-10-17",
          "Statement": [
            {
              "Effect": "Allow",
              "Principal": {
                "Service": [
                  "lambda.amazonaws.com"
                ]
              },
              "Action": [
                "sts:AssumeRole"
              ]
            }
          ]
        },
        "Policies": [
          {
            "PolicyName": {
              "Fn::Join": [
                "-",
                [
                  "covid-new-cases",
                  "dev",
                  "lambda"
                ]
              ]
            },
            "PolicyDocument": {
              "Version": "2012-10-17",
              "Statement": [
                {
                  "Effect": "Allow",
                  "Action": [
                    "logs:CreateLogStream",
                    "logs:CreateLogGroup"
                  ],
                  "Resource": [
                    {
                      "Fn::Sub": "arn:${AWS::Partition}:logs:${AWS::Region}:${AWS::AccountId}:log-group:/aws/lambda/covid-new-cases-dev*:*"
                    }
                  ]
                },
                {
                  "Effect": "Allow",
                  "Action": [
                    "logs:PutLogEvents"
                  ],
                  "Resource": [
                    {
                      "Fn::Sub": "arn:${AWS::Partition}:logs:${AWS::Region}:${AWS::AccountId}:log-group:/aws/lambda/covid-new-cases-dev*:*:*"
                    }
                  ]
                }
              ]
            }
          }
        ],
        "Path": "/",
        "RoleName": {
          "Fn::Join": [
            "-",
            [
              "covid-new-cases",
              "dev",
              {
                "Ref": "AWS::Region"
              },
              "lambdaRole"
            ]
          ]
        }
      }
    },
    "CovidDashcasesLambdaFunction": {
      "Type": "AWS::Lambda::Function",
      "Properties": {
        "Code": {
          "S3Bucket": {
            "Ref": "ServerlessDeploymentBucket"
          },
          "S3Key": "serverless/covid-new-cases/dev/1612468358104-2021-02-04T19:52:38.104Z/covid-new-cases.zip"
        },
        "Handler": "handler.handle",
        "Runtime": "python3.8",
        "FunctionName": "covid-new-cases-dev-covid-cases",
        "MemorySize": 1024,
        "Timeout": 6,
        "Environment": {
          "Variables": {
            "COVID_CASES_API": "https://api.coronavirus.data.gov.uk/v1/data?filters=areaType=nation;areaName=england&structure={%22date%22:%22date%22,%22newCases%22:%22newCasesByPublishDate%22}"
          }
        },
        "Role": {
          "Fn::GetAtt": [
            "IamRoleLambdaExecution",
            "Arn"
          ]
        }
      },
      "DependsOn": [
        "CovidDashcasesLogGroup"
      ]
    },
    "CovidDashcasesLambdaVersionCogsU7MW7guPbzLRE2Qn3JkwNVE74sL6nwOizotg0": {
      "Type": "AWS::Lambda::Version",
      "DeletionPolicy": "Retain",
      "Properties": {
        "FunctionName": {
          "Ref": "CovidDashcasesLambdaFunction"
        },
        "CodeSha256": "3+Xy2eGCZo0ft4sUqHBtkcZBuOZoP4UvjNoui0x40i8="
      }
    },
    "CovidDashcasesEventsRuleSchedule1": {
      "Type": "AWS::Events::Rule",
      "Properties": {
        "ScheduleExpression": "rate(5 minutes)",
        "State": "ENABLED",
        "Targets": [
          {
            "Arn": {
              "Fn::GetAtt": [
                "CovidDashcasesLambdaFunction",
                "Arn"
              ]
            },
            "Id": "covid-casesSchedule"
          }
        ]
      }
    },
    "CovidDashcasesLambdaPermissionEventsRuleSchedule1": {
      "Type": "AWS::Lambda::Permission",
      "Properties": {
        "FunctionName": {
          "Fn::GetAtt": [
            "CovidDashcasesLambdaFunction",
            "Arn"
          ]
        },
        "Action": "lambda:InvokeFunction",
        "Principal": "events.amazonaws.com",
        "SourceArn": {
          "Fn::GetAtt": [
            "CovidDashcasesEventsRuleSchedule1",
            "Arn"
          ]
        }
      }
    }
  },
  "Outputs": {
    "ServerlessDeploymentBucketName": {
      "Value": {
        "Ref": "ServerlessDeploymentBucket"
      }
    },
    "CovidDashcasesLambdaFunctionQualifiedArn": {
      "Description": "Current Lambda function version",
      "Value": {
        "Ref": "CovidDashcasesLambdaVersionCogsU7MW7guPbzLRE2Qn3JkwNVE74sL6nwOizotg0"
      }
    }
  }
}